{"TLMITEM_1_PL": {"ACS_AN_TDT": -0.8, "EPS_IPCM5V": 346578.167, "ACS_GPS_ENABLE": 255, "BAT_1_TEMP": -19726.893, "ACS_AN_V3P3": 3.8249999999999997, "ACS_TAI_SECS": 858993459.0, "SOH_CDH_SPARE_01": 65535, "EPS_IPCM3V3": 346534.31, "ACS_CSS_MSBVS": 255, "ACS_TR_ATT_STAT": 255, "FSW_Err_Count": 67, "EPS_VPCM12V": 1304.9, "EPS_TBRD": 24105.87, "ACS_CSS_MSBV": [-0.0001, -0.0001, -0.0001], "ACS_AN_V2P5": 3.8249999999999997, "ACS_CMD_REJECT_CNT": 255, "ACS_ATT_SPS": 255, "BAT_0_TEMP": -20446.598, "EPS_VBCR7": 1638.36, "EPS_VBCR6": 1638.381, "EPS_VBCR5": 1638.293, "EPS_VBCR4": 1638.35, "EPS_VBCR3": 655.3480000000001, "EPS_VBCR2": 1638.316, "EPS_VBCR1": 1638.344, "ACS_GPS_VEL_ECEF": [-5e-09, -5e-09, -5e-09], "EPS_VBCR9": 1638.345, "EPS_VBCR8": 1638.355, "SOH_CDH_FAULT_COUNT": 65535, "SOH_RADIO_RX_COMMANDS": 4294967295, "ACS_TRCL_QTWB": [-1e-09, -1e-09, -1e-09, -1e-09], "EPS_VPCMBATV": 615.659, "ACS_ORBIT_POS_ECI": [-2e-05, -2e-05, -2e-05], "SOH_CDH_SUBSYSTEM_STATES": 0, "BD_cpu_temp": 56, "SOH_RADIO_STATE": 255, "SOH_RADIO_CYCLE_TIME_REMAINING": 65535, "FSW_Cmd_Exe_Count": 3, "BAT_2_BAT_V": -710.701, "ACS_AN_BOX1_TEMP": -0.005, "SOH_RADIO_TX_COMMANDS": 4294967295, "SOH_RADIO_CYCLES_REMAINING": 65535, "SOH_RADIO_XFER_DURATION": 65535, "ACS_FAULT_COUNT": 65535, "ACS_ADCS_MODE": 255, "BAT_1_BAT_V": -710.859, "ACS_AN_V12B": 65.535, "EPS_TBRD_DB": 24105.87, "EPS_IIDIODE_OUT": 930654.665, "ACS_AN_V5P0": 6.375, "ACS_CMD_ACCEPT_CNT": 255, "ACS_DES_SUN_ROT_RATE": -1, "SYS_TIME": 1387, "ACS_GPS_POS_ECEF": [-2e-05, -2e-05, -2e-05], "SOH_RADIO_TX_TLM": 4294967295, "SOH_RADIO_RX_DURATION": 65535, "SOH_CDH_FILES_SAVED": 65535, "ACS_AN_V1P8": 3.8249999999999997, "SOH_BAT_FAULT_COUNT": 65535, "ACS_AN_V1P0": 3.8249999999999997, "ACS_AN_BOX2_TEMP": -0.005, "ACS_TR_RT_EST_STAT": 255, "SOH_RADIO_TEMP": 65535, "ACS_CMD_REJ_STATUS": 255, "ACS_ATT_QUAT": [-5e-10, -5e-10, -5e-10, -5e-10], "ACS_CMD_STATUS": 255, "ACS_TLM_MID": 255, "ACS_ORBIT_VEL_ECI": [-2e-09, -2e-09, -2e-09], "ACS_TR_ATT": [-4.88e-10, -4.88e-10, -4.88e-10, -4.88e-10], "ACS_GPS_VALID": 255, "BAT_0_BAT_V": -710.72, "SOH_RADIO_MODE_STATE": 255, "SOH_RADIO_TX_DURATION": 65535, "EPS_IPCM12V": 135196.755, "ACS_AN_WHT1": -0.005, "ACS_AN_WHT2": -0.005, "ACS_AN_WHT3": -0.005, "BAT_2_TEMP": -20118.465, "EPS_VIDIODE_OUT": 589.7909999999999, "EPS_VPCM5V": 522.39, "SOH_RADIO_FAULT_COUNT": 65535, "EPS_IPCMBATV": 346267.864, "ACS_QECEF_ECI": [-1e-09, -1e-09, -1e-09, -1e-09], "ACS_WH_MS_SPEED": [-0.4, -0.4, -0.4], "EPS_VPCM3V3": 385.4265, "SOH_EPS_FAULT_COUNT": 65535}}